RANK,TEAM,PLAYERS_SEASON_CUMULATIVE,CASH_SEASON_CUMULATIVE,SEASON
1,DEN,11,980223353,2015
2,TOR,7,670427009,2015
3,PHX,9,597759939,2015
4,GSW,12,549018745,2015
5,SAC,13,503457706,2015
6,MIN,6,472520316,2015
7,LAL,11,443776798,2015
8,CHA,11,415914941,2015
9,NOP,14,353262663,2015
10,UTA,10,313376675,2015
11,WAS,12,300186627,2015
12,CLE,7,253086088,2015
13,MIL,10,223398870,2015
14,ORL,9,222107304,2015
15,BKN,10,217645648,2015
16,BOS,10,211167610,2015
17,DAL,10,203664377,2015
18,NYK,9,189095259,2015
19,MEM,13,162571042,2015
20,CHI,10,151395585,2015
21,LAC,7,146539970,2015
22,OKC,7,137981910,2015
23,DET,7,131499506,2015
24,PHI,14,101856790,2015
25,ATL,8,90719352,2015
26,IND,9,87281520,2015
27,POR,10,80096683,2015
28,MIA,13,61528140,2015
29,SAS,7,58379076,2015
30,HOU,10,53532813,2015
1,MIA,17,36354295,2016
2,PHI,14,29918704,2016
3,POR,10,18639749,2016
4,MEM,12,18550542,2016
5,DAL,12,17820924,2016
6,NYK,13,17428419,2016
7,MIN,9,16050103,2016
8,NOP,13,15995984,2016
9,MIL,14,15807466,2016
10,UTA,11,15526449,2016
11,SAC,12,15405512,2016
12,CLE,12,15267984,2016
13,DEN,12,15081240,2016
14,LAC,11,14273716,2016
15,SAS,13,11975096,2016
16,CHA,15,11739613,2016
17,TOR,12,11529668,2016
18,WAS,9,11108845,2016
19,ORL,10,10451912,2016
20,IND,14,10107860,2016
21,GSW,13,9382461,2016
22,BKN,11,9010347,2016
23,PHX,11,8837425,2016
24,BOS,10,8531550,2016
25,DET,10,8228134,2016
26,ATL,11,7823159,2016
27,LAL,11,6398028,2016
28,OKC,10,5428653,2016
29,HOU,10,5160805,2016
30,CHI,8,4710172,2016
1,BOS,13,41815454,2017
2,MEM,14,41479723,2017
3,LAC,11,34652832,2017
4,PHX,15,29807787,2017
5,NOP,14,29701621,2017
6,GSW,13,28119973,2017
7,SAS,12,27335868,2017
8,CLE,15,26324900,2017
9,DEN,14,24314753,2017
10,ORL,12,23767199,2017
11,MIL,14,22535280,2017
12,MIA,15,22238999,2017
13,DET,10,22015486,2017
14,NYK,14,21259744,2017
15,UTA,11,19522020,2017
16,BKN,16,19116862,2017
17,HOU,14,18667975,2017
18,PHI,16,16612734,2017
19,CHA,11,16033733,2017
20,DAL,12,15534682,2017
21,ATL,13,15045252,2017
22,WAS,10,13628137,2017
23,CHI,11,10169177,2017
24,LAL,11,10035591,2017
25,OKC,8,9651941,2017
26,SAC,13,9097344,2017
27,POR,9,8917471,2017
28,MIN,9,6353175,2017
29,IND,9,6328796,2017
30,TOR,11,4923230,2017
1,CLE,16,51750706,2018
2,MEM,17,34895162,2018
3,MIA,13,27627953,2018
4,HOU,18,26823680,2018
5,WAS,12,25579178,2018
6,MIN,12,25541797,2018
7,ORL,13,23039657,2018
8,CHI,13,22540801,2018
9,LAL,13,22354389,2018
10,DEN,13,22257526,2018
11,NOP,13,21660447,2018
12,TOR,14,21296502,2018
13,OKC,12,18745139,2018
14,NYK,18,18231328,2018
15,PHI,17,18004052,2018
16,GSW,14,17785145,2018
17,BKN,13,17510750,2018
18,ATL,14,16874253,2018
19,BOS,14,16257868,2018
20,MIL,19,15857498,2018
21,IND,13,15371256,2018
22,LAC,12,13143267,2018
23,DAL,16,13083343,2018
24,PHX,14,12609768,2018
25,UTA,13,12314088,2018
26,CHA,11,11669643,2018
27,POR,11,8604727,2018
28,DET,13,7854416,2018
29,SAS,11,7654411,2018
30,SAC,10,6037807,2018
1,LAC,17,80417745,2021
2,BKN,21,69215598,2021
3,POR,24,57876380,2021
4,HOU,16,57263473,2021
5,GSW,14,57158378,2021
6,IND,20,52224612,2021
7,ORL,19,45974210,2021
8,DEN,18,45834169,2021
9,LAL,15,40673571,2021
10,PHI,20,40059588,2021
11,MIL,20,37141018,2021
12,WAS,19,37081960,2021
13,CHI,19,34134255,2021
14,CLE,17,31400980,2021
15,TOR,17,30836211,2021
16,PHX,15,30151034,2021
17,NOP,18,29887438,2021
18,DAL,21,29182765,2021
19,ATL,21,27705119,2021
20,NYK,20,25889117,2021
21,MIA,18,23725960,2021
22,SAC,19,23550850,2021
23,DET,17,21994467,2021
24,UTA,18,21957306,2021
25,OKC,16,19556725,2021
26,CHA,15,19425487,2021
27,BOS,22,19185082,2021
28,MEM,18,17976929,2021
29,SAS,19,17761780,2021
30,MIN,14,16687079,2021
1,GSW,13,53373045,2022
2,PHX,16,49785321,2022
3,MIL,18,44941080,2022
4,LAC,13,40691045,2022
5,MIA,15,36564646,2022
6,LAL,15,36013738,2022
7,POR,16,35216573,2022
8,CHA,11,34367594,2022
9,MIN,14,33883332,2022
10,ORL,15,33235020,2022
11,BKN,17,31490498,2022
12,WAS,14,31453335,2022
13,BOS,12,31115314,2022
14,DET,16,30860970,2022
15,NOP,15,30276470,2022
16,MEM,15,28793083,2022
17,DAL,18,27957489,2022
18,CHI,14,27742672,2022
19,DEN,14,25075963,2022
20,TOR,13,22799983,2022
21,CLE,16,22411734,2022
22,UTA,13,22060954,2022
23,OKC,15,20674834,2022
24,PHI,13,20039117,2022
25,ATL,12,19368237,2022
26,SAS,17,18393538,2022
27,IND,14,16253457,2022
28,NYK,13,15808615,2022
29,HOU,12,8648244,2022
30,SAC,13,8000210,2022
1,MEM,20,73965323,2023
2,POR,15,61753979,2023
3,CHI,12,58741785,2023
4,PHI,19,56297284,2023
5,BKN,14,44238823,2023
6,MIA,16,42653138,2023
7,CHA,20,41525992,2023
8,CLE,11,37394549,2023
9,PHX,14,36360347,2023
10,NYK,17,35385595,2023
11,ATL,16,32242314,2023
12,LAL,13,29735853,2023
13,GSW,13,27838229,2023
14,DAL,16,27745984,2023
15,HOU,14,27253451,2023
16,TOR,19,25500786,2023
17,WAS,19,25078574,2023
18,BOS,15,24896735,2023
19,DET,18,24795220,2023
20,ORL,13,24142852,2023
21,NOP,10,23525549,2023
22,MIL,13,21447539,2023
23,LAC,15,20789283,2023
24,DEN,12,20568972,2023
25,UTA,15,19062499,2023
26,MIN,12,14855336,2023
27,SAC,13,13731348,2023
28,SAS,15,11217867,2023
29,IND,14,11126462,2023
30,OKC,13,8771534,2023
1,PHI,18,81721671,2024
2,NOP,17,71070362,2024
3,TOR,21,59361074,2024
4,DAL,20,55741137,2024
5,POR,16,53588909,2024
6,BKN,20,49093588,2024
7,WAS,19,48840930,2024
8,CHA,23,48554612,2024
9,UTA,20,44054604,2024
10,MIL,19,39243376,2024
11,LAC,18,39197813,2024
12,PHX,17,35552130,2024
13,MEM,20,33997394,2024
14,ATL,18,31547647,2024
15,OKC,17,29521286,2024
16,BOS,15,29151663,2024
17,ORL,15,28940368,2024
18,LAL,21,28753259,2024
19,CHI,19,27082601,2024
20,GSW,14,26811739,2024
21,DEN,12,25761614,2024
22,NYK,12,24605863,2024
23,SAS,13,22213694,2024
24,CLE,12,19659321,2024
25,HOU,13,18994457,2024
26,IND,16,17052131,2024
27,DET,9,16490483,2024
28,MIN,13,16426155,2024
29,MIA,17,15510459,2024
30,SAC,16,15037316,2024
